[{"id":"628385832605@s.whatsapp.net","command":""},{"id":"628385832605@s.whatsapp.net","command":""},{"id":"628385832605@s.whatsapp.net","command":""},{"id":"628385832605@s.whatsapp.net","command":""},{"id":"628385832605@s.whatsapp.net","command":""},{"id":"628385832605@s.whatsapp.net","command":""},{"id":"628385832605@s.whatsapp.net","command":""},{"id":"6281220670449@s.whatsapp.net","command":"bugpc1"},{"id":"6281220670449@s.whatsapp.net","command":"sendbug"},{"id":"6281220670449@s.whatsapp.net","command":"bugpc1"},{"id":"6281220670449@s.whatsapp.net","command":"sendbug"},{"id":"6281220670449@s.whatsapp.net","command":"bugpc1"},{"id":"6281220670449@s.whatsapp.net","command":"bugpc1"},{"id":"6281220670449@s.whatsapp.net","command":"sendbug"},{"id":"6281220670449@s.whatsapp.net","command":"sendbug"},{"id":"6281220670449@s.whatsapp.net","command":"sendbug"}]